flow_num,type,reward
10,DRL,1.92316723183
15,DRL,1.8120864173299998
20,DRL,1.8151605069599999
25,DRL,1.7446518061099998
30,DRL,1.66215361065
35,DRL,1.92624848375
40,DRL,
40,DRL,1.7568521609748893
45,DRL,1.8318928417200002
5,DRL,2.08528492777
50,DRL,1.99975932603
